{
  "type": "minecraft:crafting_shaped",
  "category": "misc",
  "key": {
    "#": "minecraft:black_dye",
    "*": "minecraft:writable_book"
  },
  "pattern": [
    "###",
    "#*#",
    "###"
  ],
  "result": {
    "components": {
      "minecraft:item_name": {"translate":"bizcub.death_note.item_name","fallback":"Death Note"},
      "minecraft:custom_model_data": {
        "strings": [
          "bizcub.death_note"
        ]
      }
    },
    "count": 1,
    "id": "minecraft:writable_book"
  }
}
