{
	"display": {
		"icon": {
			"id": "minecraft:lead"
		},
		"title": {"translate":"Lead the Way!"},
		"description": {"color":"green","translate":"Craft a lead using string and a slimeball, then attach it to a mob"},
		"announce_to_chat": true
	},
	"parent": "minecraft:husbandry/root",
	"rewards": {
		"function": "bacap_rewards:animal/lead_the_way"
	},
	"criteria": {
		"lead": {
			"trigger": "minecraft:player_interacted_with_entity",
			"conditions": {
				"item": {
					"items": [
						"minecraft:lead"
					]
				},
				"entity": [
					{
						"condition": "minecraft:inverted",
						"term": {
							"condition": "minecraft:entity_properties",
							"entity": "this",
							"predicate": {
								"type": "#blazeandcave:dont_trigger_piwe_sans_boats"
							}
						}
					}
				]
			}
		}
	}
}