{
    "type": "minecraft:crafting_shaped",
    "category": "misc",
    "key": {
        "#": {
            "item": "minecraft:black_dye"
        },
        "*": {
            "item": "minecraft:writable_book"
        }
    },
    "pattern": [
        "###",
        "#*#",
        "###"
    ],
    "result": {
        "components": {
            "minecraft:item_name": "{\"translate\":\"bizcub.death_note.item_name\",\"fallback\":\"Death Note\"}",
            "minecraft:custom_model_data": 1
        },
        "count": 1,
        "id": "minecraft:writable_book"
    }
}