{
    "type": "minecraft:crafting_shaped",
    "category": "misc",
    "key": {
        "#": {
            "item": "minecraft:netherite_ingot"
        },
        "a": {
            "item": "minecraft:apple"
        },
        "*": {
            "item": "minecraft:nether_star"
        },
        "b": {
            "item": "minecraft:writable_book"
        }
    },
    "pattern": [
        "###",
        "ab*",
        "###"
    ],
    "result": {
        "components": {
            "minecraft:item_name": "{\"translate\":\"bizcub.death_note.item_name\",\"fallback\":\"Death Note\"}",
            "minecraft:custom_model_data": 1
        },
        "count": 1,
        "id": "minecraft:writable_book"
    }
}